species,habitat,species_sample,sample_size,STRUCTURE,BAPS,DAPC,Av_groups,Fst_vcftools,SNPs,loci,SNPs_per_locus,av_contig_length,total_bp,SNPs_per_bp,Av_UCE_gene_tree_length,D,theta,seg_sites,pairwise_diffs,nuc_div,seg_sites_per_bp,subtending_branch,stem_length,Sister_clade_richness,mtDNA.branch.length,Beak.Length_Culmen_1,Beak.Length_Nares,Beak.Width_1,Beak.Depth_1,Tarsus.Length_1,Wing.Length_1,Kipps.Distance_1,Secondary1_1,Hand.wing.Index,Tail.Length_1,Habitat,Habitat.Density,Migration,Trophic.Level,Trophic.Niche,Primary.Lifestyle,Mass,Range.Size,haplotype.F_ST,nucleotide.F_ST,Nei.G_ST,Hudson.G_ST,Hudson.H_ST,Hudson.K_ST,Dxy,e_statistic,e_slope,a_statistic,a_slope,Nei.G_ST.pop,nucleotide.F_ST.pop,Dxy.pop,heterozygosity,inbreeding,N_SITES,theta.bp
Campephilus_melanoleucos,floodplain,Campephilus_melanoleucos_LSUMNS26102,11,2,2,1,1.67,0.26529,5657,2013,2.810233,543.9130651,1094897,0.005166696,0.003351457,-1.701169351,2196.217341,8006,1290.112554,0.001287488,0.007450929,NA,NA,1,0.012305,45.6375,34.55,12.17142857,12.54285714,32.75,184,40.65384615,144.8153846,21.87692308,119.3928571,1,1,1,1,1,3,256,11099024.68,0.115689164,0.124112932,0.344491762,0.112222029,0.832834331,0.502703369,0.000701743,-0.032266,0.0110751,0.143714,0.00354788,0.223420437,0.240561234,0.000913326,0.135563055,0.184235455,5330.636364,0.0020
Campephilus_rubricollis,upland,Campephilus_rubricollis_AMNH3870,11,3,1,2,1.67,0.1481,6286,2002,3.13986,547.5064935,1096108,0.005734836,0.00420996,-1.840579029,2929.204192,10678,1621.744589,0.00168255,0.009741741,NA,NA,4,0.153775,46.34,35.2,10.72,11.7,35.00909091,179.0909091,31.94,146.16,17.92,123.3636364,1,1,1,1,1,3,210.7,6911322.08,0.105807764,0.111335998,0.353062773,0.102419001,0.8775715,0.521261747,0.000860225,-0.195764,0.0819819,-0.0343676,0.0774582,0.090413567,0.069764239,0.000910323,0.140376991,0.134076364,6010.727273,0.0027
Cantorchilus_leucotis,floodplain,Cantorchilus_leucotis_FMNH389261,11,2,2,2,2,0.2349,9635,2108,4.570683,589.721537,1243133,0.007750579,0.005764963,-1.543682345,3952.093827,14021,2498.594737,0.00216913,0.010662576,NA,NA,1.5,0.07832,18.83333333,12.44285714,3.533333333,3.773333333,22.02857143,62.06666667,7.5875,54.7875,12.175,48.13333333,1,2,1,1,1,3,19.4,8709608.57,0.174083139,0.172980989,0.396364841,0.166286211,0.900712589,0.560263681,0.001221364,-0.567823,0.239964,-0.310359,0.242887,0.13110829,0.133702862,0.001317501,0.141582839,0.26479,9067.7,0.0032
Celeus_flavus,floodplain,Celeus_flavus_KU675,11,1,1,1,1,0.045639,3507,2007,1.747384,563.9197808,1131787,0.00309864,0.002752645,-1.265167464,1429.642671,5072,998.5947368,0.00094733,0.004481409,NA,NA,2,0.002141,28.48181818,22.5,8.3,8.942857143,25.8,140.2272727,26.37,114.48,18.73,90.95454545,1,1,1,1,1,3,147.3,6163251.01,0.058985155,0.060143846,0.272999647,0.057899258,0.711365902,0.41930841,0.000570493,-0.0682439,0.0336172,-0.0390072,0.0402253,0.056322629,0.023304228,0.00058124,0.217301873,0.049212222,3242.555556,0.0013
Celeus_grammicus,upland,Celeus_grammicus_MPEG13886,11,2,1,1,1.67,0.13474,6690,1988,3.365191,573.0583501,1139240,0.005872336,0.004627848,-1.514721574,2828.253907,10310,1789.341991,0.00171323,0.009049893,NA,NA,1,0.0049,24.82941176,17.225,6.876923077,6.446153846,20.64705882,122.7941176,27.71875,95.8125,22.475,71.02941176,1,1,1,1,1,3,64.5,5521579.18,0.100624559,0.105813626,0.349367736,0.096988415,0.878711626,0.519375112,0.001021452,-0.115385,0.0556824,-0.0187498,0.064538,0.106541338,0.074463149,0.001179107,0.167672136,0.105184545,6466.636364,0.0025
Conirostrum_bicolor,island,Conirostrum_bicolor_9_LSU7282,15,1,1,2,1.33,0.098376,7991,2157,3.704682,737.7176634,1591257,0.005021816,0.003257715,-0.883582594,2334.178551,7423,1879.879121,0.0012413,0.004664866,NA,NA,1,0.00366,13.78571429,8.275,3.32,3.557142857,18.11428571,62.05714286,12.2,48.175,20.2,46.84285714,2,2,1,1,1,3,10.5,566641.85,0.071919788,0.073374269,0.322926205,0.070602617,0.836042731,0.506714742,0.000892549,-0.0582181,0.0443121,-0.00119938,0.0442609,0.107358794,0.054919601,0.000896398,0.195134409,0.143780278,6110.972222,0.0015
Conirostrum_margaritae,island,Conirostrum_margaritae_16_Goeldi15984,4,1,1,1,1,0.007834,1430,2078,0.688162,727.1308951,1510978,0.000946407,0.001440006,-0.472937216,1058.292011,2744,967.3571429,0.00067018,0.001816042,NA,NA,1,0.001231,13.125,7.975,3.575,3.675,16.25,59.75,12.175,47.575,20.425,40.875,1,2,2,1,1,3,9.7,77630.04,0.02484678,0.024725733,0.199842849,0.032177251,0.532398453,0.345438186,0.000543528,0.0775081,-0.00375565,0.10821,-0.00649683,0.081853516,-0.002340255,0.00054198,0.388523519,0.03734,1346.75,0.0007
Cranioleuca_vulpecula,island,Cranioleuca_vulpecula_25_INPA_A123,7,1,1,1,1,0.074088,1636,2145,0.762704,736.9067599,1580665,0.001035007,0.001801642,-0.808782519,1021.969593,3250,839.8461538,0.00057614,0.002056097,0.005021217,0.003219575,2,0.000268,17.2,10.94285714,3.4125,4.2125,19.9375,69.65,10.22857143,58.81428571,14.75714286,62.8,1,2,1,1,1,3,18.9,340457.78,0.053554246,0.053451565,0.231292139,0.054266614,0.588483146,0.359865788,0.000413046,-0.0195361,0.0222037,0.0498066,0.0203256,0.074570866,0.033366984,0.000420967,0.271633776,0.069024286,1567.714286,0.0006
Crypturellus_undulatus,floodplain,Crypturellus_undulatus_MPEG14258,11,4,2,3,2.33,0.37167,6513,2040,3.192647,566.7539216,1156178,0.005633216,0.004561507,-1.222370764,2418.337835,8318,1728.594771,0.00158963,0.007194394,NA,NA,NA,0.068399,34,12.425,6.02,5.76,47.95714286,172.5,34.95,137.8,20.26666667,56.64285714,1,1,1,2,3,2,564.4,8533511.59,0.209649094,0.231197837,0.41222471,0.200401557,0.881256133,0.577075652,0.001165937,-0.443542,0.20911,-0.30591,0.329886,0.238681871,0.24278346,0.00134546,0.145260791,0.310002222,6285.777778,0.0021
Crypturellus_variegatus,upland,Crypturellus_variegatus_INPA131,11,3,2,2,2,0.26527,11149,2070,5.38599,547.9487923,1134254,0.009829368,0.007586387,-1.151852546,4051.87567,14375,2939.936842,0.00279079,0.012673528,NA,NA,NA,0.155614,33.64444444,13.6875,5.2875,4.975,41.11111111,155.4444444,50.1,105.52,32.24,44.55555556,1,1,1,2,3,2,378,5436849.92,0.165705136,0.189163186,0.402339645,0.15800414,0.934235977,0.583979995,0.001593245,-0.39487,0.172354,-0.143627,0.188673,0.122911399,0.139724211,0.001793161,0.141755644,0.229658,10416.3,0.0036
Dendroplex_kienerii,island,Dendroplex_kienerii_26_LSU80430,7,1,1,1,1,0.082962,2905,2055,1.413625,726.2418491,1492427,0.001946494,0.003560658,-0.898983196,2084.81797,6630,1671.967033,0.00128451,0.004442428,0.008540308,0.00497965,1,0.002311,29.93333333,21.01428571,4.9125,6.375,20.625,99.425,17.9,81.01428571,18.07142857,86.66666667,1,1,1,1,1,3,45,237821.16,0.081017702,0.085959792,0.294543964,0.079169217,0.734158416,0.4534405,0.000700762,-0.0796196,0.0553402,0.0111024,0.0635786,0.082887696,0.042246196,0.000725052,0.265335149,0.104157143,2676.428571,0.0014
Elaenia_pelzelni,island,Elaenia_pelzelni_36_Goeldi22693,2,1,2,1,1.33,NA,1914,2103,0.910128,721.4736091,1517259,0.001261485,0.001381685,-0.390453259,1345.636364,2467,1295.666667,0.00149741,0.001625958,0.003063465,0.00168178,2,NA,13.875,8.425,5.15,4.4,21.925,88.275,13.55,74.775,15.3,74.55,1,1,1,3,1,3,27.3,311569.85,-0.021649057,-0.017035614,0.241765071,0.025185711,0.696084525,0.526643266,0.001351144,NA,NA,NA,NA,0.241765071,-0.017035614,0.001351144,0.545859539,-0.005795,1908,0.0009
Formicarius_analis,floodplain,Formicarius_analis_INPA1349,11,2,1,2,1.67,0.2652,11601,2088,5.556034,587.98659,1227716,0.009449254,0.004800255,-1.908780392,3984.51872,14525,2140.220779,0.00184413,0.013250621,0.013530718,0.008529081,1,0.088378,21.76153846,13.36896552,5.63,6.013333333,32.44,89.25666667,14.77333333,74.62941176,16.64,56.78,1,1,1,1,1,2,62.2,5715479.2,0.177350335,0.195038664,0.413385168,0.16966187,0.949903661,0.590884049,0.001241165,-0.26416,0.115207,0.0352782,0.129375,0.13921466,0.150399046,0.001376134,0.100772418,0.292622727,11122.90909,0.0032
Formicarius_colma,upland,Formicarius_colma_MPEG14939,11,2,2,2,2,0.51849,7051,2058,3.426142,586.1710398,1206340,0.005844953,0.004618859,-1.482545741,2754.461444,10041,1764.142857,0.001622455,0.008657592,0.016863502,0.011506552,3,0.053042,21.54285714,12.11,5.116666667,5.276923077,29.85384615,85.03846154,16.27142857,69.3,18.98571429,53.36923077,1,1,1,1,1,2,47,6982041.19,0.245657033,0.266496107,0.436551039,0.237987801,0.884220811,0.587926345,0.000882346,-0.903961,0.372801,-0.864582,0.639632,0.219551325,0.243874331,0.00119165,0.099098847,0.427319091,6585.454545,0.0023
Furnarius_minor,island,Furnarius_minor_44_Goeldi16304,7,1,2,1,1.33,0.12384,1792,2209,0.811227,708.7211408,1565565,0.001144635,0.001526601,-0.988387977,1312.492636,3713,1054.222222,0.00072441,0.002371668,0.004652652,0.003126051,1,0.006435,19.28,12.9125,3.344444444,3.844444444,24.76666667,73.72222222,9.925,64.0375,13.4375,50.2,3,1,1,1,1,2,25.8,319149.09,0.041171819,0.039902556,0.234300652,0.043995786,0.613970588,0.38553722,0.000576665,-0.0554002,0.0372266,-0.0701528,0.0493607,0.120077025,0.026456857,0.000594108,0.278439539,0.01269,1731.571429,0.0008
Glaucidium_brasilianum,floodplain,Glaucidium_brasilianum_LSUMNS75626,11,2,1,3,2,0.13117,2167,2127,1.018806,546.9026798,1163262,0.001862865,0.002201597,-1.775019567,1675.592616,5560,999.0333333,0.000980878,0.005855087,NA,NA,1,0.017741,14.92,10.025,7.088888889,10.57333333,18.04,94.12,16.8,77.31538462,17.88461538,63.44666667,3,2,1,1,1,3,63.3,14375175.98,0.038627407,0.037114048,0.232792932,0.037839874,0.62767475,0.367588306,0.000471996,-0.051284,0.0312351,-0.164844,0.103126,0.160388723,0.035057585,0.000740035,0.169891413,0.13427875,2064.25,0.0014
Glaucidium_hardyi,upland,Glaucidium_hardyi_LSUMNS40662,11,1,1,1,1,0.11724,3711,2146,1.729264,582.9627213,1251038,0.002966337,0.00243268,-0.566334991,1102.673921,3912,953.8315789,0.00096064,0.003127003,NA,NA,2,0.050608,14.65,8.925,6.433333333,8.925,18.925,89.5,17.95,71.6,20.075,48,1,1,1,1,1,3,58.3,4691899.43,0.051959657,0.052825108,0.239702342,0.050738482,0.625763987,0.365252738,0.000320121,-0.0406811,0.0278223,0.0748596,0.0269469,0.053075581,0.030527101,0.000324802,0.145251602,0.111524,3397.9,0.0009
Hylophylax_naevia,upland,Hylophylax_naevia_MPEG10842,11,4,2,3,3,0.54736,11906,2107,5.650688,580,1222060,0.009742566,0.01057422,-0.701811321,4970.413996,17096,4156.601307,0.00366142,0.013989493,0.010011768,-0.000562452,1,0.149532,16.00714286,9.204,4.746153846,3.761538462,20.21923077,58.1,8.146666667,50.07368421,14.12666667,39.77692308,1,1,1,1,1,3,14.2,5848723.89,0.426545084,0.53331331,0.563374628,0.408822333,0.958630528,0.742547313,0.002486226,-2.61404,1.06971,-1.09406,1.14102,0.293771653,0.407669156,0.002808059,0.092470382,0.624096667,10941.11111,0.0041
Hylophylax_punctulata,floodplain,Hylophylax_punctulata_FMNH457204,11,1,1,2,1.67,0.12051,7643,2107,3.6498,589.6687233,1242432,0.006304,0.00457305,-1.46354717,3227.745449,11102,2125.581699,0.00184047,0.0089357,0.011986995,0.007413945,2,0.041158,16.68,9.95,4.766666667,4.133333333,17.24444444,59.08888889,8.075,51.725,13.425,31.42222222,1,1,1,1,1,3,12.4,3128205.43,0.134198643,0.144900017,0.375942463,0.127772038,0.903763697,0.555604836,0.00119459,-0.237435,0.109329,-0.0603923,0.108484,0.097765865,0.079683536,0.001250748,0.162324953,0.152702222,7368.222222,0.0026
Knipolegus_orenocensis,island,Knipolegus_orenocensis_46_COP882,12,3,3,3,3,0.43452,5874,2149,2.733364,704.8548162,1514733,0.003877911,0.006468523,-0.957737773,3146.781649,11751,2404.753623,0.00170764,0.007757803,0.005845748,-0.000622775,1,0.003016,16.8,9.925,5.35,4.05,20.075,71.75,12.525,59.225,17.45,67.25,3,2,1,1,1,3,19,255299.56,0.222124199,0.247334927,0.42008761,0.214705528,0.885406922,0.575882645,0.000989343,-0.30894,0.136866,-0.251876,0.287408,0.272859221,0.304187606,0.001275632,0.158502807,0.292607273,5484.545455,0.0021
Leucippus_chlorocercus,island,Leucippus_chlorocercus_58_LSU7264,4,1,1,1,1,0.045538,2326,1927,1.207058,715.1966788,1378184,0.001687728,0.001917223,-0.729173143,1584.738292,4109,1374.821429,0.00103774,0.00298146,NA,NA,40,NA,19.55,14.825,2.375,2.05,5.875,56.125,34.05,22.075,60.675,35.25,3,1,1,2,2,1,4.6,173795.89,0.016313583,0.022412732,0.252320133,0.024885194,0.703916449,0.451353782,0.00086714,0.0236997,0.0262899,-0.0124199,0.045771,0.138717257,0.007471592,0.000903741,0.358026104,0.0191475,2218.25,0.0011
Mazaria_propinqua,island,Mazaria_propinqua_135_LSU43083,8,1,1,1,1,-0.031166,3094,2168,1.427122,739.8929889,1604088,0.001928822,0.002436148,-1.231947256,6116.852446,21701,4321.6,0.00341654,0.01352856,0.008477749,0.006041601,1,0.000354,17.3,11.5625,3.155555556,3.622222222,21.83333333,58.84444444,6.425,52.6625,10.8375,69.75,3,1,1,1,1,3,19.9,531677.41,0.017867975,0.012179731,0.296652125,0.019175359,0.850844278,0.485486078,0.001128614,0.0110709,0.00736059,-0.0427887,0.0149744,0.080553305,0.017534131,0.000764969,0.208282381,0.114385,2515.166667,0.0038
Megascops_choliba,floodplain,Megascops_choliba_AMNH4811,11,1,1,1,1,0.033351,3370,2109,1.597914,587.3091513,1238635,0.002720737,0.001576633,-1.639733,1214.695277,4428,731.5281385,0.000632095,0.003875234,NA,NA,1,0.009314,21.78181818,12.1,6.95625,11.71578947,30.02727273,162.7809524,33.62222222,124.5444444,21.03333333,91.25238095,4,2,1,1,1,3,132,13065137.78,0.046659806,0.048491105,0.259287972,0.04590797,0.692822967,0.397622234,0.00038191,-0.070156,0.0322783,-0.00726075,0.0356679,0.039671102,0.011899051,0.00038213,0.142322354,0.066282727,3219.909091,0.0010
Megascops_watsonii,upland,Megascops_watsonii_AMNH3868,11,1,1,1,1,0.093381,6389,2145,2.978555,588.6307692,1262613,0.005060141,0.002896046,-1.975461273,2709.198408,9876,1411.298701,0.00125041,0.007821874,NA,NA,1,0.026877,23.225,13.3,8.2,13.3,34.22,165.6,43,127.25,25.25,90.6,1,1,1,1,1,3,129,6312593.48,0.064071535,0.063966335,0.32569659,0.062128482,0.867070896,0.497401325,0.00072405,-0.00531898,0.00720815,0.0488251,0.00905446,0.085568842,0.041498553,0.000786698,0.141377304,0.054198182,6163,0.0021
Monasa_morphoeus,upland,Monasa_morphoeus_AMNH12750,11,3,2,4,3.33,0.28447,6331,1872,3.381944,571.8632479,1070528,0.005913904,0.003633646,-1.601467424,2187.308188,7760,1352.642105,0.00133749,0.007248759,NA,NA,NA,0.045167,36.98,25.94,9.116666667,11.23333333,19.21666667,125.5,27.56,98.44,21.92,114.3333333,1,1,1,1,1,3,87.9,5210334.01,0.188832463,0.206986978,0.404218486,0.181959991,0.888649812,0.568654129,0.00094198,-0.477433,0.204391,-0.0876598,0.216404,0.224650003,0.176118543,0.000976066,0.124619539,0.289808,5751.5,0.0020
Monasa_nigrifrons,floodplain,Monasa_nigrifrons_LSUMNS42834,11,3,1,2,2,0.16038,6873,2069,3.321895,583.4229096,1207102,0.005693802,0.004264978,-1.345113549,2443.655267,8908,1646.502165,0.001434087,0.007439305,NA,NA,NA,0.010229,37.5,28.15,9.5,12.125,21.2,127.75,21.425,106.325,16.75,118.75,1,1,1,1,1,3,80.7,7021917.73,0.127828601,0.133120823,0.3624919,0.123913175,0.866473149,0.524496214,0.000925617,-0.276819,0.123963,-0.136326,0.140085,0.086273449,0.081860765,0.000988759,0.159130767,0.140962727,6586.181818,0.0020
Myrmeciza_fortis,upland,Myrmeciza_fortis_INPA431,11,2,2,2,2,0.46484,6339,2103,3.014265,585.9472183,1232247,0.005144261,0.005058322,-1.090284412,2462.583446,8977,1811.445887,0.0016149,0.007285065,0.006725954,0.001667632,2,0.019702,23.175,13.58888889,5.411111111,6.566666667,34.07777778,81.52222222,8.96,74.4,10.7,62.93333333,1,1,1,1,1,3,45.9,1945728.92,0.293269865,0.320054097,0.46309893,0.283827626,0.884265901,0.60876299,0.001024246,0.00322135,0.00736514,0.629366,0.0967092,0.198672386,0.247035008,0.001327981,0.120747258,0.426474545,6140.090909,0.0020
Myrmeciza_hyperythra,floodplain,Myrmeciza_hyperythra_FMNH433423,11,1,1,1,1,0.058035,4381,2120,2.066509,571.0481132,1210622,0.003618801,0.003145197,-1.311638382,1721.366951,6275,1173.748918,0.00110611,0.005183286,0.009731957,0.00658676,4,0.005293,24.94,14.3875,5.277777778,6.222222222,29.24444444,76.83333333,4.6,73.25,6.075,56.15555556,1,1,1,1,1,3,41,1642348.58,0.079520539,0.078938903,0.311226391,0.077808003,0.792003808,0.463693354,0.000591446,-0.0743746,0.0484038,0.0216613,0.0594196,0.061942432,0.02833236,0.000617769,0.169096846,0.104174545,4230.818182,0.0014
Myrmoborus_leucophrys,floodplain,Myrmoborus_leucophrys_INPA32,11,2,2,3,2.67,0.2226,9508,2120,4.484906,588.3113208,1247220,0.007623354,0.004352389,-1.728394137,3566.452866,13001,2071.640693,0.00175931,0.010423983,0.006498883,0.002146494,1,0.051249,18.03333333,10.78333333,4.526315789,4.663157895,25.19473684,64.94210526,8.723076923,56.42941176,13.63076923,43.81578947,1,1,1,1,1,3,21.5,5113605.96,0.182837574,0.201574574,0.414429397,0.17533236,0.940926276,0.588873841,0.001216325,-0.466831,0.198162,-0.164878,0.202756,0.170138647,0.162750754,0.001211164,0.124202428,0.231985455,9243.454545,0.0029
Myrmoborus_lugubris,island,Myrmoborus_lugubris_76_LSU93417,8,3,2,3,2.67,0.19539,3280,2219,1.478143,585.0292925,1298180,0.002526614,0.004023307,-0.960161402,2127.038253,7058,1662.5,0.00140873,0.005436842,0.005824775,0.001801468,1,0.0052,19.45,11.625,4.95,5.2125,26.5375,66.6875,8.275,59.175,12.55,39.9,1,1,1,1,1,3,21.4,290798.01,0.1720408,0.178485733,0.357361853,0.164943555,0.772357724,0.502687001,0.000824651,-0.05738,0.0545499,0.197765,0.11709,0.163819228,0.126950298,0.000866218,0.188397894,0.25126125,3027.5,0.0016
Myrmoborus_myotherinus,upland,Myrmoborus_myotherinus_MPEG3884,11,4,2,4,3.33,0.40495,10230,2092,4.890057,585.5946463,1225064,0.008350584,0.005921134,-1.453199045,3950.777184,14402,2558.558442,0.00222882,0.01175612,0.011409611,0.005488477,4,0.085206,17.9,10.17096774,4.2375,4.578125,25.696875,61.9969697,9.220833333,53.375,14.80833333,40.0516129,1,1,1,1,1,3,18.8,4778353.33,0.30334282,0.351970123,0.485435699,0.291270022,0.951149425,0.653950371,0.001518704,-0.974736,0.406562,-0.225337,0.419848,0.284827965,0.311924646,0.001650882,0.103532628,0.428328182,9875.545455,0.0032
Myrmochanes_hemileucus,island,Myrmochanes_hemileucus_78_LSU43093,7,1,1,1,1,0.059581,1463,2155,0.678886,696.1364269,1500174,0.00097522,0.001704436,-1.383421126,4913.464391,16304,3367.583333,0.00249751,0.010868073,0.011518587,0.009814151,1,0.001229,18.78,11.07142857,4.114285714,3.4,20.88571429,53.61428571,7.38,47.11428571,13.64,33.74285714,3,2,1,1,1,3,12.5,261134.97,0.043098018,0.035168629,0.276124422,0.043092763,0.745581395,0.440353786,0.000837973,-0.0411051,0.0327041,-0.0355252,0.0471965,0.072537555,0.014381405,0.000931522,0.246746844,0.130281667,1398.166667,0.0033
Myrmotherula_assimilis,island,Myrmotherula_assimilis_85_LSU23703,7,1,1,1,1,0.062943,3433,2159,1.590088,594.3668365,1283238,0.002675264,0.003709008,-0.930131008,2203.995347,7009,1752.428571,0.00147209,0.005461964,0.014992278,0.01128327,1,0.016873,15.56,9.466666667,3.514285714,3.314285714,16.4,51.45714286,6.65,45.66666667,12.7,29.47142857,1,1,1,1,1,3,9.3,412230.35,0.096945289,0.098825329,0.3249075,0.093922404,0.799628942,0.495029798,0.00094148,-0.0889331,0.0565164,-0.0154395,0.074758,0.101455971,0.045290635,0.000969867,0.228476911,0.106605714,3286.714286,0.0017
Myrmotherula_klagesi,island,Myrmotherula_klagesi_96_LSU25562,7,1,1,1,1,0.032622,3703,2108,1.756641,684.9065465,1443783,0.00256479,0.00532093,-0.604678623,2681.019308,8526,2323.934066,0.00179474,0.00590532,0.005205648,-0.000115282,1,0.001932,15.25,8.95,3.5,3.175,16.225,46.8625,5.1,42.85,10.725,28.6125,1,1,1,1,1,3,7.8,56287.31,0.098314104,0.0991225,0.336358264,0.095472486,0.83087886,0.513453321,0.001047016,-0.0117729,0.0343574,0.0797675,0.0342213,0.086197987,0.033045386,0.001064872,0.251918952,0.08936,3564.142857,0.0019
Ochthornis_littoralis,island,Ochthornis_littoralis_115_MPEG_T1998,12,1,1,1,1,0.026768,3335,2170,1.536866,728.4101382,1580650,0.002109892,0.003214448,-0.898951703,1775.956915,6474,1388.74026,0.00105881,0.004095783,0.023221472,0.020007024,5,0.004117,14.46,8.225,4.62,3.24,17.24,70.2,12.3,57.45,17.625,54.6,5,3,1,1,1,3,13.4,4562555.95,0.02793683,0.028476911,0.178019164,0.028251646,0.478530534,0.273159217,0.00017938,-0.0244134,0.0181587,-0.00958805,0.0232072,0.029500193,0.007730844,0.00018451,0.201835269,0.035375833,2859.166667,0.0011
Phaethornis_bourcieri,upland,Phaethornis_bourcieri_AMNH11853,11,3,3,4,3.33,0.5448,9184,2087,4.400575,577.6200287,1205493,0.00761846,0.00694889,-1.011961799,3542.819151,12569,2688.636842,0.00235658,0.01042644,NA,NA,4,0.175535,34.63076923,29.28333333,2.561538462,2.638461538,4.316666667,56.76923077,38.025,18.64166667,67.21666667,61.26923077,1,1,1,2,2,1,4.65,4579261.05,0.369960793,0.436382517,0.516136682,0.355668514,0.918347743,0.676052222,0.001703627,-0.923674,0.406963,0.110487,0.501174,0.352023075,0.409546536,0.001907408,0.098235821,0.551581,8843.6,0.0029
Phaethornis_hispidus,floodplain,Phaethornis_hispidus_MPEG13967,11,1,1,1,1,0.043328,7099,2080,3.412981,577.5447115,1201293,0.005909466,0.004229065,-1.558056374,2785.459765,10154,1732.991342,0.0015605,0.008452559,NA,NA,7,0.002263,34.425,27.7875,2.6,2.511111111,4.355555556,54.11111111,32.26666667,21.85555556,59.66666667,56.4375,1,1,1,2,2,1,5,4008483.06,0.080516097,0.08194207,0.337897572,0.077611657,0.87867116,0.510115457,0.000946269,-0.0641461,0.0325776,-0.0363538,0.050506,0.061084744,0.031806622,0.000953472,0.162439951,0.07061,6879.909091,0.0023
Pheugopedius_coraya,upland,Pheugopedius_coraya_AMNH4240,11,2,1,2,1.67,0.14746,14067,2067,6.805515,582.9269473,1204910,0.011674731,0.007197537,-1.874352138,6007.913562,21901,3277.359307,0.002864804,0.018408014,NA,NA,2,0.266024,18.975,11.89565217,4.0125,4.636111111,23.22631579,61.33684211,6.471428571,54.99642857,10.59285714,56.54722222,1,1,1,1,1,3,18.2,10137965.39,0.278539377,0.315303493,0.475040389,0.265763285,0.974196689,0.648660685,0.001945534,-0.0815715,0.0404534,0.564327,0.0238579,0.09969203,0.108066223,0.002078844,0.096210295,0.357655455,13469.45455,0.0050
Piaya_cayana,floodplain,Piaya_cayana_LSUMNS72132,11,1,1,1,1,0.032799,11862,2069,5.733204,587.9797003,1216530,0.009750684,0.006165309,-1.763483197,4588.83728,16280,2660.894737,0.002338224,0.013186687,NA,NA,1,0.012583,31.79565217,18.40666667,8.5,10.49166667,34.61153846,145.9071429,16.15652174,129.8173913,11.09565217,279.0928571,1,1,1,1,1,3,102,13448425.2,0.049580143,0.05160284,0.339776448,0.048414893,0.931818182,0.532361729,0.001409218,-0.000211405,0.00500728,0.008624,0.00704144,0.139121799,0.031387211,0.001449502,0.13159579,0.106789,11258.9,0.0038
Piaya_melanogaster,upland,Piaya_melanogaster_INPA1392,11,2,2,2,2,0.087115,6550,1892,3.461945,570.0808668,1078593,0.006072726,0.004555178,-2.246723504,6437.775237,23468,2930.593074,0.00315072,0.021757975,NA,NA,1,0.006746,34.47777778,20.775,8.444444444,10.7,34.32222222,134.7777778,11.95,123.3125,8.825,212.4444444,1,1,1,1,1,3,102.8,4840731.88,0.06968032,0.047265807,0.361468292,0.067442754,0.966083731,0.544342869,0.001548925,-0.195543,0.0871719,-0.241129,0.141653,0.098613473,0.0530963,0.001186147,0.114958736,0.313193,6325.4,0.0060
Pipra_erythrocephala,upland,Pipra_chloromeros_KU18533,11,2,1,2,1.67,0.21601,10659,2117,5.034955,590.3122343,1249691,0.008529308,0.004896093,-1.883957978,3880.002256,14144,2107.428571,0.001799721,0.006828088,0.005771845,0.001216667,1,0.077605,11.19484536,6.871428571,4.05,4.036363636,13.93396226,60.38317757,11.025,48.25,18.625,28.60106383,1,1,1,2,4,3,13.96666667,7320542.32,0.126957249,0.141486924,0.377173445,0.122516128,0.915918753,0.553575452,0.00107171,-0.134994,0.0597511,0.0203886,0.0759852,0.136844718,0.126138748,0.001153754,0.108727617,0.192468182,10115.45455,0.0031
Pipra_filicauda,floodplain,Pipra_aureola_MPEG1199,11,3,2,4,3,0.2716,6416,2146,2.989748,582.4692451,1249979,0.005132886,0.00380021,-1.968035203,4154.657693,15854,2114.784615,0.00184339,0.012683413,0.007756716,0.003956506,11,0.062354,13.5125,7.278512397,4.060483871,3.979032258,15.97559055,63.80232558,12.63412698,51.1,19.8515873,30.65354331,1,1,1,2,4,3,15.8,8064941.39,0.180820382,0.195862654,0.389059758,0.173834871,0.859943978,0.547718629,0.000871282,-0.315891,0.137205,0.118814,0.124665,0.207494359,0.153922553,0.000921349,0.130155926,0.282222,6140.8,0.0033
Saltator_coerulescens,floodplain,Saltator_coerulescens_FMNH391613,11,2,2,2,2,0.39355,13197,2135,6.181265,576.0515222,1229870,0.010730402,0.007563697,-1.485893461,4964.120534,18096,3175.510823,0.00274855,0.016033402,NA,NA,1,0.034458,22.34615385,13.9375,8.833333333,10.96153846,26.75294118,100.6764706,14.60833333,86.18333333,14.50833333,95.5,4,2,1,2,3,3,54.9,8191352.17,0.182443724,0.222905518,0.415251751,0.174479155,0.9470726,0.600127189,0.001650723,-0.243128,0.104404,-0.0301394,0.13625,0.239181296,0.272737638,0.00218752,0.120778998,0.261360909,12668.72727,0.0040
Saltator_grossus,upland,Saltator_grossus_AMNH12692,11,1,1,1,1,0.0025141,10453,2114,4.944655,592.3732261,1252277,0.008347195,0.00416699,-1.764239238,3407.895081,12423,1949.904762,0.001629607,0.010471325,NA,NA,1,0.017834,21.36923077,14.1375,10.3,13.7125,23.71538462,96.07692308,17.91111111,78.64444444,18.56666667,87.42307692,1,1,1,3,3,3,44.2,6243128.13,0.087354448,0.096528213,0.363155791,0.084319573,0.942207485,0.549965624,0.001119264,-0.0984613,0.0471331,-0.0253539,0.0562286,0.098937773,0.02299522,0.001133244,0.134294795,0.099358182,10035.27273,0.0027
Schiffornis_major,floodplain,Schiffornis_major_FMNH457274,11,1,2,1,1.33,-0.037414,9188,2016,4.55754,579.8169643,1168911,0.007860308,0.005058965,-2.086803128,6331.355221,22462,3183.736842,0.00294193,0.019216176,0.013643974,0.008585009,6,0.003994,15.9,9.366666667,4.833333333,5.433333333,18.8,78.33333333,9.3,69.03333333,11.7,55.33333333,1,1,1,3,4,3,31,3141459.06,0.026868645,0.018986304,0.339950113,0.02730287,0.967213115,0.539334737,0.001766767,0.0183267,-0.00328503,0.097847,-0.0473661,0.11741574,0.012861021,0.001379081,0.134102778,0.2361,8819.333333,0.0054
Schiffornis_turdina,upland,Schiffornis_turdina_KU18445,11,1,1,2,1.33,0.29987,11697,2120,5.517453,594.6891509,1260741,0.009277877,0.00535587,-1.912421199,4676.906,17049,2508.047619,0.002188573,0.014736572,0.006515477,0.000916789,1,0.076374,17.76818182,10.18,5.10952381,5.872413793,21.78823529,90.05,15.16923077,73.86923077,17.04615385,69.84411765,1,1,1,3,3,3,31.7,5587673.67,0.222227961,0.249619435,0.431139983,0.21339191,0.922894986,0.598124342,0.00119782,-0.198604,0.0886697,-0.0861174,0.200984,0.235068797,0.231294429,0.001525975,0.097161257,0.292861818,11019.90909,0.0037
Serpophaga_hypoleuca,island,Serpophaga_hypoleuca_167_INPA_A1342,10,1,1,1,1,0.061599,2259,2154,1.048747,737.6467038,1588891,0.001421746,0.003687852,-1.229396472,2351.254243,7802,1693.775,0.00129803,0.004910343,0.005414558,0.001726706,2,0.00761,11.32,6.3,3.1,2.6,17.08,47.1,7.6,39.5,16.14,45.1,3,2,1,1,1,3,6.1,557853.94,0.052789942,0.053827505,0.266809779,0.052350058,0.703842549,0.414605774,0.000498566,-0.00013913,0.0089544,0.0307945,0.0144316,0.068573492,0.032616051,0.000481884,0.217074176,0.04839,2058,0.0015
Stigmatura_napensis,island,Stigmatura_napensis_130_INPA_A15960,10,1,1,1,1,0.024758,2198,2158,1.018536,737.1079703,1590679,0.0013818,0.004255774,-1.487148945,3665.509531,12163,2425.741667,0.00187348,0.00764642,0.006613472,0.002357698,2,0.012083,11.39333333,6.842857143,3.557142857,3.221428571,19.15882353,52.12941176,5.754545455,45.98181818,11.14545455,59.67647059,3,3,1,1,1,3,9.8,322846.59,0.041611806,0.040982773,0.248283015,0.042592654,0.660622966,0.39673645,0.000524352,-0.0010889,0.00966584,-0.0211105,0.0123685,0.097252423,0.023884852,0.000501659,0.25420248,0.018253333,1896,0.0023
Synallaxis_gujanensis,floodplain,Synallaxis_gujanensis_AMNH11985,11,2,2,2,2,0.50285,8192,2106,3.889839,589.7132004,1241936,0.006596153,0.004583245,-1.229469393,3062.798727,11165,2149.619048,0.00188101,0.008989996,0.005017373,0.000434128,1,0.038737,15.56,9.746666667,3.3375,4.06875,21.7875,60.58125,5.475,53.89333333,9.175,71.96875,1,2,1,1,1,3,18.1,4462466.66,0.256064501,0.299522643,0.450954748,0.24707439,0.91706387,0.617385937,0.001225326,-0.812223,0.330084,-0.98735,0.642135,0.217907663,0.272255367,0.001780064,0.121009069,0.376007273,7918.727273,0.0025
Synallaxis_rutilans,upland,Synallaxis_rutilans_LSUMNS31362,11,3,1,2,1.67,0.21604,6304,2126,2.965193,574.5832549,1221564,0.005160597,0.00340093,-1.810923163,2558.870266,9328,1435.077922,0.00137207,0.007636112,0.005508117,0.002107187,1,0.03066,14.86,9.057142857,3.313333333,4.28,19.51333333,59.57333333,7.235714286,52.1,12.21428571,70,1,1,1,1,1,3,16.7,5856806.86,0.189695445,0.198385781,0.399025976,0.183581464,0.870265152,0.552111091,0.000735217,-0.292011,0.125256,0.0146647,0.159383,0.09812158,0.093111287,0.000833401,0.113334933,0.275446364,6028.545455,0.0021
Tachyphonus_cristatus,floodplain,Tachyphonus_cristatus_INPA1636,11,2,1,1,1.33,0.055211,9958,2132,4.670732,577.0070356,1230179,0.008094757,0.005457692,-1.486051279,3972.902421,13183,2630.175,0.002281748,0.011332497,NA,NA,2,0.125937,15.92941176,11.15,5.62,6.853846154,18.18823529,76.24705882,14.25,60,19.1875,70.41764706,1,1,1,3,3,3,18.8,6338485.76,0.059297957,0.072131214,0.343000973,0.057444964,0.924377642,0.546528387,0.001480073,-0.0567388,0.0333474,-0.0317664,0.0419392,0.087048826,0.040219252,0.001513167,0.175206493,0.060885,9585.25,0.0032
Tachyphonus_luctuosus,upland,Tachyphonus_luctuosus_LSUMNS27928,11,1,1,1,1,0.022319,10680,2124,5.028249,586.3629944,1245435,0.008575317,0.005704589,-1.580042069,3735.160543,13616,2304.021645,0.00200111,0.01149237,NA,NA,1,0.025522,13.96,9.870588235,4.883333333,5.463157895,17.2952381,62.09090909,10.8,50.55,17.64166667,54.04545455,1,1,1,1,1,3,13,7144190.04,0.059733603,0.063986572,0.341574872,0.058392617,0.919491525,0.526380346,0.001053923,-0.0232967,0.0160079,0.00785472,0.0191371,0.080018475,0.019001172,0.001077968,0.152124891,0.084303636,9965.363636,0.0030
Thamnophilus_cryptoleucus,island,Thamnophilus_cryptoleucus_139_LSU25431,18,4,2,3,3,0.17581,7015,2080,3.372596,610.9585025,1354495,0.005179052,0.005716428,-1.567548063,3653.435875,15150,2154.447619,0.001707354,0.01118498,0.009680921,0.003964493,9,0.023976,24.2125,13.6,5.64,6.9,25.18,77.15333333,7.5625,70.32666667,9.8875,58.94666667,1,1,1,1,1,3,28.75,1671191.14,0.287821338,0.296276032,0.466730306,0.280643353,0.924760602,0.604391922,0.000898385,-0.142653,0.0749799,0.447664,0.0974273,0.137771304,0.166147085,0.000973679,0.093355723,0.39339,6521.941176,0.0027
Trogon_collaris,floodplain,Trogon_collaris_FMNH456552,11,2,2,2,2,0.22673,10788,2144,5.031716,581.8871269,1247566,0.008647238,0.004062234,-1.667709229,3397.93817,12055,2047.805263,0.001742675,0.012274301,NA,NA,1,0.0123,20.27894737,11.2,8.25,9.08,13.37894737,121.2105263,46.34285714,74.15714286,38.42142857,132.7222222,1,1,1,3,1,3,65.4,6799060.77,0.131911769,0.150631898,0.385561499,0.126667413,0.934235075,0.570230619,0.001135114,-0.246189,0.107986,-0.1474,0.153028,0.140546668,0.130076248,0.001293775,0.108710382,0.311939,10398.4,0.0027
Trogon_rufus,upland,Trogon_rufus_FMNH389730,11,1,2,1,1.33,0.067752,13083,2137,6.122134,583.1778194,1246251,0.010497885,0.004317903,-2.051440934,4461.563681,16264,2242.151515,0.001953093,0.016566486,NA,NA,4,0.05251,19.87692308,11.68235294,8.866666667,9.844444444,13.14117647,113.0909091,42.825,70.31666667,37.875,130.8636364,1,1,1,3,3,3,53.8,6666233.02,0.099229007,0.112552607,0.366664415,0.095082452,0.937177684,0.552260902,0.001129392,-0.0825578,0.0406369,0.0589105,0.0378313,0.066501962,0.046010274,0.00116529,0.091161418,0.284634545,12434.63636,0.0036
Xiphorhynchus_elegans,upland,Xiphorhynchus_elegans_INPA8144,11,3,2,3,2.33,0.427,7514,2133,3.522738,577.1111111,1230978,0.00610409,0.005480363,-1.302289172,3232.198839,11467,2229.315789,0.002039645,0.009315357,0.004123984,-0.001356379,1,0.094309,31.24,22.89642857,5.609677419,6.174193548,21.78387097,96.4516129,20.08965517,76.53793103,20.78275862,82.70833333,1,1,1,1,1,3,32.85,3945552.89,0.26646283,0.293532959,0.449585908,0.256883749,0.889671362,0.604259581,0.001220721,-1.60038,0.666652,-0.878057,0.671149,0.211950748,0.239319092,0.001346624,0.117904865,0.41498,7194.2,0.0026
Xiphorhynchus_obsoletus,floodplain,Xiphorhynchus_obsoletus_FMNH391089,11,1,1,1,1,0.02948,5307,2112,2.512784,567.3536932,1198251,0.004428955,0.003282854,-1.517343244,2025.589413,7384,1280.168831,0.001172519,0.006162315,0.001125256,-0.002157598,4,0.001309,27,19.1,4.833333333,6.375,21.38888889,95.26666667,17.6625,76.9375,18.7,81.8,1,1,1,1,1,3,32.6,6665026.21,0.055261611,0.061378532,0.309670352,0.054580329,0.827406354,0.476030795,0.00071487,-0.0735141,0.0350167,-0.0440883,0.0475647,0.052189051,0.019092896,0.00072054,0.167007648,0.052579091,5140.727273,0.0017